glycan,dorsolateral prefrontal cortex,hippocampus,striatum,cerebral cortex
Man(a1-3)[Man(a1-6)]Man(b1-4)GlcNAc(b1-4)[Fuc(a1-6)]GlcNAc,84,97,99,98
Man(a1-3)[GlcNAc(b1-4)][Man(a1-6)]Man(b1-4)GlcNAc(b1-4)GlcNAc,16,0,0,0
Man(a1-2/3/6)Man(a1-3/6)[Man(a1-3/6)]Man(b1-4)GlcNAc(b1-4)GlcNAc,76,100,89,89
GlcNAc(b1-2/4)Man(a1-3)[Man(a1-6)]Man(b1-4)GlcNAc(b1-4)[Fuc(a1-6)]GlcNAc,24,0,11,11
GlcNAc(b1-2/4)Man(a1-3)[Man(a1-6)]Man(b1-4)GlcNAc(b1-4)[Fuc(a1-6)]GlcNAc,68,83,76,87
GlcNAc(b1-2/4)Man(a1-3)[GlcNAc(b1-4)][Man(a1-6)]Man(b1-4)GlcNAc(b1-4)GlcNAc,32,17,24,13
{Man(a1-2/3/6)}Man(a1-3)[Man(a1-6)]Man(b1-4)GlcNAc(b1-4)[Fuc(a1-6)]GlcNAc,91,78,76,89
GlcNAc(b1-2)Man(a1-3)[Man(a1-3/6)Man(a1-6)]Man(b1-4)GlcNAc(b1-4)GlcNAc,0,22,24,11
GlcNAc(b1-2)Man(a1-3)[GlcNAc(b1-2)Man(a1-6)]Man(b1-4)GlcNAc(b1-4)[Fuc(a1-6)]GlcNAc,69,85,86,84
GlcNAc(b1-2)Man(a1-3)[GlcNAc(b1-2)Man(a1-6)][GlcNAc(b1-4)]Man(b1-4)GlcNAc(b1-4)GlcNAc,31,15,14,16
{Man(a1-2/3/6)}{Man(a1-2/3/6)}Man(a1-3)[Man(a1-6)]Man(b1-4)GlcNAc(b1-4)GlcNAc,100,100,100,100
GlcNAc(b1-2)Man(a1-3)[GlcNAc(b1-2)Man(a1-6)][GlcNAc(b1-4)]Man(b1-4)GlcNAc(b1-4)[Fuc(a1-6)]GlcNAc,93,94,88,92
Gal(b1-3/4)GlcNAc(b1-2)Man(a1-3)[GlcNAc(b1-2)Man(a1-6)][GlcNAc(b1-4)]Man(b1-4)GlcNAc(b1-4)GlcNAc,0,0,12,0
Gal(b1-3/4)GlcNAc(b1-2)Man(a1-3)[GlcNAc(b1-2)Man(a1-6)][GlcNAc(b1-4)]Man(b1-4)GlcNAc(b1-4)GlcNAc,30,78,0,24
GlcNAc(b1-2)[GlcNAc(b1-4)]Man(a1-3)[GlcNAc(b1-2)[GlcNAc(b1-6)]Man(a1-6)]Man(b1-4)GlcNAc(b1-4)GlcNAc,23,15,0,31
Gal(b1-3/4)GlcNAc(b1-2)Man(a1-3)[GlcNAc(b1-2)Man(a1-6)]Man(b1-4)GlcNAc(b1-4)[Fuc(a1-6)]GlcNAc,94,94,97,94
Gal(b1-3/4)GlcNAc(b1-2)Man(a1-3)[GlcNAc(b1-2)Man(a1-6)][GlcNAc(b1-4)]Man(b1-4)GlcNAc(b1-4)[Fuc(a1-6)]GlcNAc,0,81,0,0
GlcNAc(b1-2)[GlcNAc(b1-4)]Man(a1-3)[GlcNAc(b1-2)[GlcNAc(b1-6)]Man(a1-6)]Man(b1-4)GlcNAc(b1-4)[Fuc(a1-6)]GlcNAc,55,0,0,0
GalOS(b1-3/4)GlcNAc(b1-2/4)[GlcNAc(b1-2/4)]Man(a1-3)[GlcNAc(b1-2)Man(a1-6)]Man(b1-4)GlcNAc(b1-4)[Fuc(a1-6)]GlcNAc,0,14,0,27
{Man(a1-2/3/6)}{Man(a1-2/3/6)}{Man(a1-2/3/6)}Man(a1-3)[Man(a1-6)]Man(b1-4)GlcNAc(b1-4)GlcNAc,18,15,0,19
Gal(b1-3/4)GlcNAc(b1-2)Man(a1-3)[Gal(b1-3/4)GlcNAc(b1-2)Man(a1-6)]Man(b1-4)GlcNAc(b1-4)GlcNAc,0,12,0,0
Gal(b1-3/4)GlcNAc(b1-2/4)[GlcNAc(b1-2/4)]Man(a1-3)[GlcNAc(b1-2)Man(a1-6)]Man(b1-4)GlcNAc(b1-4)[Fuc(a1-6)]GlcNAc,25,25,22,14
GlcNAc(b1-2/4)[GlcNAc(b1-2/4)]Man(a1-3)[GlcNAc(b1-2)Man(a1-6)][GlcNAc(b1-4)]Man(b1-4)GlcNAc(b1-4)[Fuc(a1-6)]GlcNAc,49,48,59,58
{Man(a1-2/3/6)}{Man(a1-2/3/6)}{Man(a1-2/3/6)}Man(a1-3)[Man(a1-6)]Man(b1-4)GlcNAc(b1-4)GlcNAc,94,92,92,93
{Man(a1-2/3/6)}GlcNAc(b1-2)Man(a1-3)[Man(a1-3/6)Man(a1-6)]Man(b1-4)GlcNAc(b1-4)[Fuc(a1-6)]GlcNAc,35,29,36,26
{Man(a1-2/3/6)}GlcNAc(b1-2)Man(a1-3)[Man(a1-3/6)Man(a1-6)][GlcNAc(b1-4)]Man(b1-4)GlcNAc(b1-4)GlcNAc,33,37,14,57
Gal(b1-3/4)GlcNAc(b1-2/4)[GlcNAc(b1-2/4)]Man(a1-3)[GlcNAc(b1-2)Man(a1-6)]Man(b1-4)GlcNAc(b1-4)[Fuc(a1-6)]GlcNAc,23,29,43,17
Fuc(a1-3/4)[Gal(b1-3/4)]GlcNAc(b1-2/4)[GlcNAc(b1-2/4)]Man(a1-3)[GlcNAc(b1-2)Man(a1-6)]Man(b1-4)GlcNAc(b1-4)GlcNAc,96,96,96,94
Fuc(a1-3/4)[Gal(b1-3/4)]GlcNAc(b1-2)Man(a1-3)[GlcNAc(b1-2)Man(a1-6)]Man(b1-4)GlcNAc(b1-4)[Fuc(a1-6)]GlcNAc,71,79,95,80
Gal(b1-3/4)GlcNAc(b1-2/4)[GlcNAc(b1-2/4)]Man(a1-3)[GlcNAc(b1-2/6)[GlcNAc(b1-2/6)]Man(a1-6)]Man(b1-4)GlcNAc(b1-4)[Fuc(a1-6)]GlcNAc,16,0,0,0
Gal(b1-3/4)GlcNAc(b1-2)Man(a1-3)[Gal(b1-3/4)GlcNAc(b1-2)Man(a1-6)]Man(b1-4)GlcNAc(b1-4)[Fuc(a1-6)]GlcNAc,87,84,95,97
GalNAc(b1-4)GlcNAc(b1-3)Gal(b1-3/4)[Fuc(a1-3/4)]GlcNAc(b1-2)Man(a1-3)[Man(a1-6)]Man(b1-4)GlcNAc(b1-4)[Fuc(a1-6)]GlcNAc,100,92,97,92
{Man(a1-?)}{Man(a1-?)}Man(a1-2)Man(a1-3)[Man(a1-3/6)Man(a1-6)]Man(b1-4)GlcNAc(b1-4)GlcNAc,84,85,77,95
Fuc(a1-3/4)[Gal(b1-3/4)]GlcNAc(b1-2)Man(a1-3)[Man(a1-3/6)Man(a1-6)]Man(b1-4)GlcNAc(b1-4)[Fuc(a1-6)]GlcNAc,14,14,21,0
Fuc(a1-3/4)[Gal(b1-3/4)]GlcNAc(b1-2)Man(a1-3)[Man(a1-3/6)Man(a1-6)][GlcNAc(b1-4)]Man(b1-4)GlcNAc(b1-4)[Fuc(a1-6)]GlcNAc,99,98,99,100
{Man(a1-2/3/6)}Fuc(a1-3/4)[Gal(b1-3/4)]GlcNAc(b1-2)Man(a1-3)[Man(a1-3/6)Man(a1-6)]Man(b1-4)GlcNAc(b1-4)GlcNAc,0,13,0,61
Fuc(a1-3/4)[Gal(b1-3/4)]GlcNAc(b1-2)Man(a1-3)[GlcNAc(b1-4)][Man(a1-6)]Man(b1-4)GlcNAc(b1-4)[Fuc(a1-6)]GlcNAc,0,18,20,11
{Man(a1-2/3/6)}Fuc(a1-3/4)[Gal(b1-3/4)]GlcNAc(b1-2)Man(a1-3)[Man(a1-3/6)Man(a1-6)]Man(b1-4)GlcNAc(b1-4)GlcNAc,39,0,93,46
{Man(a1-?)}{Man(a1-?)}{Man(a1-?)}{Man(a1-?)}{Man(a1-?)}Man(a1-3)[Man(a1-6)]Man(b1-4)GlcNAc(b1-4)GlcNAc,25,34,47,66
Fuc(a1-3/4)[Gal(b1-3/4)]GlcNAc(b1-2)Man(a1-3)[Gal(b1-3/4)GlcNAc(b1-2)Man(a1-6)][GlcNAc(b1-4)]Man(b1-4)GlcNAc(b1-4)[Fuc(a1-6)]GlcNAc,45,36,46,24
{Man(a1-1-2/3/6)}{Man(a1-1-2/3/6)}{Man(a1-2/3/6)}Man(a1-2)Man(a1-3)[Man(a1-3/6)Man(a1-6)]Man(b1-4)GlcNAc(b1-4)GlcNAc,100,99,100,100
{Man(a1-2/3/6)}Fuc(a1-3/4)[Gal(b1-3/4)]GlcNAc(b1-2)Man(a1-3)[Man(a1-3/6)Man(a1-6)]Man(b1-4)GlcNAc(b1-4)[Fuc(a1-6)]GlcNAc,38,37,68,33
Fuc(a1-3)[GalNAc(b1-4)]GlcNAc(b1-2)Man(a1-3)[Man(a1-2)Man(a1-3/6)[Man(a1-3/6)]Man(a1-6)]Man(b1-4)GlcNAc(b1-4)[Fuc(a1-6)]GlcNAc,17,28,28,21
Fuc(a1-3/4)[Gal(b1-3/4)]GlcNAc(b1-2/4)[GlcNAc(b1-2/4)]Man(a1-3)[Gal(b1-3/4)GlcNAc(b1-2/6)[GlcNAc(b1-2/6)]Man(a1-6)]Man(b1-4)GlcNAc(b1-4)[Fuc(a1-6)]GlcNAc,19,0,0,0
{Man(a1-2/3/6)}Neu5Ac(a2-3)Gal(b1-3/4)GlcNAc(b1-2)Man(a1-3)[Man(a1-3/6)Man(a1-6)]Man(b1-4)GlcNAc(b1-4)[Fuc(a1-6)]GlcNAc,0,10,0,0
Fuc(a1-3/4)[GalNAc(b1-4)]GlcNAc(b1-2)Man(a1-3)[Man(a1-2)Man(a1-3/6)[Man(a1-3/6)]Man(a1-6)]Man(b1-4)GlcNAc(b1-4)[Fuc(a1-6)]GlcNAc,79,82,96,68
Fuc(a1-3/4)[GalNAc(b1-4)]GlcNAc(b1-2)Man(a1-3)[Man(a1-2)Man(a1-3/6)[Man(a1-3/6)]Man(a1-6)]Man(b1-4)GlcNAc(b1-4)[Fuc(a1-6)]GlcNAc,10,22,20,0
Neu5Ac(a2-6)Gal(b1-3/4)GlcNAc(b1-2)Man(a1-3)[Gal(b1-3/4)GlcNAc(b1-2)Man(a1-6)]Man(b1-4)GlcNAc(b1-4)[Fuc(a1-6)]GlcNAc,0,0,25,0
Fuc(a1-3/4)[Gal(b1-3/4)]GlcNAc(b1-2)Man(a1-3)[Fuc(a1-3/4)[Gal(b1-3/4)]GlcNAc(b1-2)Man(a1-6)][GlcNAc(b1-4)]Man(b1-4)GlcNAc(b1-4)[Fuc(a1-6)]GlcNAc,0,0,20,0
Fuc(a1-3/4)[Gal(b1-3/4)]GlcNAc(b1-2/4)[GlcNAc(b1-2/4)]Man(a1-3)[Gal(b1-3/4)GlcNAc(b1-2/6)[GlcNAc(b1-2/6)]Man(a1-6)]Man(b1-4)GlcNAc(b1-4)[Fuc(a1-6)]GlcNAc,33,16,0,48
Fuc(a1-3/4)[Gal(b1-3/4)]GlcNAc(b1-2)Man(a1-3)[Fuc(a1-3/4)[Gal(b1-3/4)]GlcNAc(b1-2)Man(a1-6)]Man(b1-4)GlcNAc(b1-4)[Fuc(a1-6)]GlcNAc,0,0,13,0
Neu5Ac(a2-3)Gal(b1-3/4)[Fuc(a1-3/4)]GlcNAc(b1-2)Man(a1-3)[Gal(b1-3/4)GlcNAc(b1-2)Man(a1-6)]Man(b1-4)GlcNAc(b1-4)[Fuc(a1-6)]GlcNAc,0,0,50,0
Fuc(a1-3/4)[Gal(b1-3/4)]GlcNAc(b1-2/4)[GlcNAc(b1-2/4)]Man(a1-3)[Gal(b1-3/4)GlcNAc(b1-2/6)[GlcNAc(b1-2/6)]Man(a1-6)]Man(b1-4)GlcNAc(b1-4)[Fuc(a1-6)]GlcNAc,55,27,20,47
Man(a1-2)Man(a1-2)Man(a1-3)[Man(a1-2)Man(a1-3)[Man(a1-2)Man(a1-6)]Man(a1-6)]Man(b1-4)GlcNAc(b1-4)GlcNAc,24,26,18,22
Fuc(a1-3/4)[Gal(b1-3/4)]GlcNAc(b1-2)Man(a1-3)[Fuc(a1-3/4)[Gal(b1-3/4)]GlcNAc(b1-2)Man(a1-6)]Man(b1-4)GlcNAc(b1-4)[Fuc(a1-6)]GlcNAc,41,46,77,34
Neu5Ac(a2-3)Gal(b1-3/4)[Fuc(a1-3/4)]GlcNAc(b1-2)Man(a1-3)[Gal(b1-3/4)GlcNAc(b1-2)Man(a1-6)]Man(b1-4)GlcNAc(b1-4)[Fuc(a1-6)]GlcNAc,17,12,0,0
Neu5Ac(a2-3)Gal(b1-3/4)GlcNAc(b1-2/4)[GlcNAc(b1-2/4)]Man(a1-3)[Gal(b1-3/4)GlcNAc(b1-2)Man(a1-6)]Man(b1-4)GlcNAc(b1-4)[Fuc(a1-6)]GlcNAc,0,0,0,12
Man(a1-2)Man(a1-2)Man(a1-3)[Man(a1-2)Man(a1-3)[Man(a1-2)Man(a1-6)]Man(a1-6)]Man(b1-4)GlcNAc(b1-4)GlcNAc,70,60,81,70
Fuc(a1-3/4)[Gal(b1-3/4)]GlcNAc(b1-2/4)[GlcNAc(b1-2/4)]Man(a1-3)[Fuc(a1-3/4)[Gal(b1-3/4)]GlcNAc(b1-2)Man(a1-6)]Man(b1-4)GlcNAc(b1-4)[Fuc(a1-6)]GlcNAc,29,28,19,29
Man(a1-2)Man(a1-2)Man(a1-3)[Man(a1-2)Man(a1-3)[Man(a1-2)Man(a1-6)]Man(a1-6)]Man(b1-4)GlcNAc(b1-4)GlcNAc,13,17,11,23
Fuc(a1-3/4)[Gal(b1-3/4)]GlcNAc(b1-2/4)[GlcNAc(b1-2/4)]Man(a1-3)[Fuc(a1-3/4)[Gal(b1-3/4)]GlcNAc(b1-2)Man(a1-6)]Man(b1-4)GlcNAc(b1-4)[Fuc(a1-6)]GlcNAc,32,14,35,12
Neu5Ac(a2-3)Gal(b1-3/4)[Fuc(a1-3/4)]GlcNAc(b1-2/4)[GlcNAc(b1-2/4)]Man(a1-3)[Gal(b1-3/4)GlcNAc(b1-2)Man(a1-6)]Man(b1-4)GlcNAc(b1-4)[Fuc(a1-6)]GlcNAc,0,15,0,18
Fuc(a1-3/4)[Gal(b1-3/4)]GlcNAc(b1-2/4)[Gal(b1-3/4)GlcNAc(b1-2/4)]Man(a1-3)[Gal(b1-3/4)GlcNAc(b1-2/6)[GlcNAc(b1-2/6)]Man(a1-6)]Man(b1-4)GlcNAc(b1-4)[Fuc(a1-6)]GlcNAc,18,0,21,0
Neu5Ac(a2-3)Gal(b1-3/4)[Fuc(a1-3/4)]GlcNAc(b1-2/4)[GlcNAc(b1-2/4)]Man(a1-3)[Gal(b1-3/4)GlcNAc(b1-2/6)[GlcNAc(b1-2/6)]Man(a1-6)]Man(b1-4)GlcNAc(b1-4)[Fuc(a1-6)]GlcNAc,0,38,0,0
Fuc(a1-3/4)[Gal(b1-3/4)]GlcNAc(b1-2/4)[Gal(b1-3/4)GlcNAc(b1-2/4)]Man(a1-3)[Gal(b1-3/4)GlcNAc(b1-2)Man(a1-6)]Man(b1-4)GlcNAc(b1-4)[Fuc(a1-6)]GlcNAc,0,0,40,0
Fuc(a1-3/4)[Gal(b1-3/4)]GlcNAc(b1-2/4)[GlcNAc(b1-2/4)]Man(a1-3)[Fuc(a1-3/4)[Gal(b1-3/4)]GlcNAc(b1-2/6)[GlcNAc(b1-2/6)]Man(a1-6)]Man(b1-4)GlcNAc(b1-4)[Fuc(a1-6)]GlcNAc,25,21,0,81
Fuc(a1-3/4)[Gal(b1-3/4)]GlcNAc(b1-2/4)[Gal(b1-3/4)GlcNAc(b1-2/4)]Man(a1-3)[Gal(b1-3/4)GlcNAc(b1-2/6)[GlcNAc(b1-2/6)]Man(a1-6)]Man(b1-4)GlcNAc(b1-4)[Fuc(a1-6)]GlcNAc,0,0,31,0
Neu5Ac(a2-3)Gal(b1-3/4)[Fuc(a1-3/4)]GlcNAc(b1-2/4)[GlcNAc(b1-2/4)]Man(a1-3)[Gal(b1-3/4)GlcNAc(b1-2/6)[GlcNAc(b1-2/6)]Man(a1-6)]Man(b1-4)GlcNAc(b1-4)[Fuc(a1-6)]GlcNAc,50,77,0,11
Neu5Ac(a2-3)Gal(b1-3/4)[Fuc(a1-3/4)]GlcNAc(b1-2/4)[GlcNAc(b1-2/4)]Man(a1-3)[Gal(b1-3/4)GlcNAc(b1-2/6)[GlcNAc(b1-2/6)]Man(a1-6)]Man(b1-4)GlcNAc(b1-4)[Fuc(a1-6)]GlcNAc,37,44,38,16
Neu5Ac(a2-6)Gal(b1-3/4)[Fuc(a1-3/4)]GlcNAc(b1-2/4)[GlcNAc(b1-2/4)]Man(a1-3)[Gal(b1-3/4)GlcNAc(b1-2)Man(a1-6)]Man(b1-4)GlcNAc(b1-4)[Fuc(a1-6)]GlcNAc,22,38,53,43
Neu5Ac(a2-3)Gal(b1-3/4)[Fuc(a1-3/4)]GlcNAc(b1-2/4)[GlcNAc(b1-2/4)]Man(a1-3)[Gal(b1-3/4)GlcNAc(b1-2/6)[GlcNAc(b1-2/6)]Man(a1-6)]Man(b1-4)GlcNAc(b1-4)[Fuc(a1-6)]GlcNAc,27,26,16,26
Glc(a1-3)Man(a1-2)Man(a1-2)Man(a1-3)[Man(a1-2)Man(a1-3)[Man(a1-2)Man(a1-6)]Man(a1-6)]Man(b1-4)GlcNAc(b1-4)GlcNAc,0,31,100,51
Neu5Ac(a2-3)Gal(b1-3/4)[Fuc(a1-3/4)]GlcNAc(b1-2/4)[Gal(b1-3/4)GlcNAc(b1-2/4)]Man(a1-3)[Gal(b1-3/4)GlcNAc(b1-2)Man(a1-6)]Man(b1-4)GlcNAc(b1-4)[Fuc(a1-6)]GlcNAc,29,35,0,25
Neu5Ac(a2-3)Gal(b1-3/4)[Fuc(a1-3/4)]GlcNAc(b1-2/4)[GlcNAc(b1-2/4)]Man(a1-3)[Gal(b1-3/4)GlcNAc(b1-2/6)[GlcNAc(b1-2/6)]Man(a1-6)]Man(b1-4)GlcNAc(b1-4)[Fuc(a1-6)]GlcNAc,19,0,0,0
Glc(a1-3)Man(a1-2)Man(a1-2)Man(a1-3)[Man(a1-2)Man(a1-3)[Man(a1-2)Man(a1-6)]Man(a1-6)]Man(b1-4)GlcNAc(b1-4)GlcNAc,87,0,100,0
Neu5Ac(a2-3)Gal(b1-3/4)[Fuc(a1-3/4)]GlcNAc(b1-2)Man(a1-3)[Neu5Ac(a2-6)Gal(b1-3/4)GlcNAc(b1-2)Man(a1-6)]Man(b1-4)GlcNAc(b1-4)[Fuc(a1-6)]GlcNAc,0,87,0,0
Fuc(a1-3/4)[Gal(b1-3/4)]GlcNAc(b1-2/4)[Fuc(a1-3/4)[Gal(b1-3/4)]GlcNAc(b1-2/4)]Man(a1-3)[Gal(b1-3/4)GlcNAc(b1-2)Man(a1-6)]Man(b1-4)GlcNAc(b1-4)[Fuc(a1-6)]GlcNAc,14,0,0,13
Neu5Ac(a2-3)Gal(b1-3/4)[Fuc(a1-3/4)]GlcNAc(b1-2)Man(a1-3)[Neu5Ac(a2-6)Gal(b1-3/4)GlcNAc(b1-2)Man(a1-6)]Man(b1-4)GlcNAc(b1-4)[Fuc(a1-6)]GlcNAc,13,29,0,0
Fuc(a1-3/4)[Gal(b1-3/4)]GlcNAc(b1-2/4)[Fuc(a1-3/4)[Gal(b1-3/4)]GlcNAc(b1-2/4)]Man(a1-3)[Gal(b1-3/4)GlcNAc(b1-2/6)[GlcNAc(b1-2/6)]Man(a1-6)]Man(b1-4)GlcNAc(b1-4)[Fuc(a1-6)]GlcNAc,45,33,58,13
Fuc(a1-3/4)[Gal(b1-3/4)]GlcNAc(b1-2/4)[Fuc(a1-3/4)[Gal(b1-3/4)]GlcNAc(b1-2/4)]Man(a1-3)[Gal(b1-3/4)GlcNAc(b1-2)Man(a1-6)]Man(b1-4)GlcNAc(b1-4)[Fuc(a1-6)]GlcNAc,0,0,0,17
Neu5Ac(a2-3)Gal(b1-3/4)[Fuc(a1-3/4)]GlcNAc(b1-2/4)[Gal(b1-3/4)GlcNAc(b1-2/4)]Man(a1-3)[Gal(b1-3/4)GlcNAc(b1-2)Man(a1-6)]Man(b1-4)GlcNAc(b1-4)[Fuc(a1-6)]GlcNAc,63,18,38,18
Fuc(a1-3/4)[Gal(b1-3/4)]GlcNAc(b1-2/4)[Fuc(a1-3/4)[Gal(b1-3/4)]GlcNAc(b1-2/4)]Man(a1-3)[Gal(b1-3/4)GlcNAc(b1-2/6)[GlcNAc(b1-2/6)]Man(a1-6)]Man(b1-4)GlcNAc(b1-4)[Fuc(a1-6)]GlcNAc,0,12,13,43
Neu5Ac(a2-3)Gal(b1-4)[Neu5Ac(a2-3)]GlcNAc(b1-2)Man(a1-3)[Neu5Ac(a2-6)Gal(b1-3/4)GlcNAc(b1-2)Man(a1-6)]Man(b1-4)GlcNAc(b1-4)[Fuc(a1-6)]GlcNAc,0,12,0,0
Fuc(a1-3/4)[Gal(b1-3/4)]GlcNAc(b1-2/4)[Fuc(a1-3/4)[Gal(b1-3/4)]GlcNAc(b1-2/4)]Man(a1-3)[Gal(b1-3/4)GlcNAc(b1-2/6)[GlcNAc(b1-2/6)]Man(a1-6)]Man(b1-4)GlcNAc(b1-4)[Fuc(a1-6)]GlcNAc,100,100,100,100
Fuc(a1-3/4)[Gal(b1-3/4)]GlcNAc(b1-2/4)[Fuc(a1-3/4)[Gal(b1-3/4)]GlcNAc(b1-2/4)]Man(a1-3)[Gal(b1-3/4)GlcNAc(b1-2/6)[GlcNAc(b1-2/6)]Man(a1-6)]Man(b1-4)GlcNAc(b1-4)[Fuc(a1-6)]GlcNAc,15,25,0,0
Fuc(a1-3/4)[Gal(b1-3/4)]GlcNAc(b1-2/4)[Fuc(a1-3/4)[Gal(b1-3/4)]GlcNAc(b1-2/4)]Man(a1-3)[Fuc(a1-3/4)[Gal(b1-3/4)]GlcNAc(b1-2/6)[GlcNAc(b1-2/6)]Man(a1-6)]Man(b1-4)GlcNAc(b1-4)[Fuc(a1-6)]GlcNAc,0,17,0,62
Fuc(a1-3/4)[Gal(b1-3/4)]GlcNAc(b1-2/4)[Fuc(a1-3/4)[Gal(b1-3/4)]GlcNAc(b1-2/4)]Man(a1-3)[Fuc(a1-3/4)[Gal(b1-3/4)]GlcNAc(b1-2)Man(a1-6)]Man(b1-4)GlcNAc(b1-4)[Fuc(a1-6)]GlcNAc,20,10,13,23
Neu5Ac(a2-3)Gal(b1-3/4)[Fuc(a1-3/4)]GlcNAc(b1-2/4)[Fuc(a1-3/4)[Gal(b1-3/4)]GlcNAc(b1-2/4)]Man(a1-3)[Gal(b1-3/4)GlcNAc(b1-2)Man(a1-6)][GlcNAc(b1-4)]Man(b1-4)GlcNAc(b1-4)[Fuc(a1-6)]GlcNAc,63,66,78,59
Neu5Ac(a2-3)Gal(b1-3/4)[Fuc(a1-3/4)]GlcNAc(b1-2/4)[Gal(b1-3/4)GlcNAc(b1-2/4)]Man(a1-3)[Neu5Ac(a2-3)Gal(b1-3/4)GlcNAc(b1-2)Man(a1-6)]Man(b1-4)GlcNAc(b1-4)[Fuc(a1-6)]GlcNAc,11,13,0,0
Fuc(a1-3/4)[Gal(b1-3/4)]GlcNAc(b1-2/4)[Fuc(a1-3/4)[Gal(b1-3/4)]GlcNAc(b1-2/4)]Man(a1-3)[Fuc(a1-3/4)[Gal(b1-3/4)]GlcNAc(b1-2/6)[GlcNAc(b1-2/6)]Man(a1-6)]Man(b1-4)GlcNAc(b1-4)[Fuc(a1-6)]GlcNAc,10,0,100,19
Neu5Ac(a2-3)Gal(b1-4)[Fuc(a1-3)][Neu5Ac(a2-6)]GlcNAc(b1-2)Man(a1-3)[Neu5Ac(a2-6)Gal(b1-3/4)GlcNAc(b1-2)Man(a1-6)]Man(b1-4)GlcNAc(b1-4)[Fuc(a1-6)]GlcNAc,14,27,0,0
Neu5Ac(a2-6)Gal(b1-3/4)[Fuc(a1-3/4)]GlcNAc(b1-2/4)[Fuc(a1-3/4)[Gal(b1-3/4)]GlcNAc(b1-2/4)]Man(a1-3)[Gal(b1-3/4)GlcNAc(b1-2)Man(a1-6)]Man(b1-4)GlcNAc(b1-4)[Fuc(a1-6)]GlcNAc,16,17,25,0
Fuc(a1-3/4)[Gal(b1-3/4)]GlcNAc(b1-2/4)[Fuc(a1-3/4)[Gal(b1-3/4)]GlcNAc(b1-2/4)]Man(a1-3)[Fuc(a1-3/4)[Gal(b1-3/4)]GlcNAc(b1-2/6)[GlcNAc(b1-2/6)]Man(a1-6)][GlcNAc(b1-4)]Man(b1-4)GlcNAc(b1-4)[Fuc(a1-6)]GlcNAc,0,18,0,49
Neu5Ac(a2-3)Gal(b1-3/4)[Fuc(a1-3/4)]GlcNAc(b1-2/4)[Fuc(a1-3/4)[Gal(b1-3/4)]GlcNAc(b1-2/4)]Man(a1-3)[Neu5Ac(a2-6)Gal(b1-3/4)GlcNAc(b1-2)Man(a1-6)]Man(b1-4)GlcNAc(b1-4)[Fuc(a1-6)]GlcNAc,18,23,0,0
Neu5Ac(a2-3)Gal(b1-3/4)GlcNAc(b1-2/4)[Neu5Ac(a2-6)Gal(b1-3/4)GlcNAc(b1-2/4)]Man(a1-3)[Neu5Ac(a2-6)Gal(b1-3/4)GlcNAc(b1-2)Man(a1-6)]Man(b1-4)GlcNAc(b1-4)[Fuc(a1-6)]GlcNAc,21,0,0,27
Neu5Ac(a2-3)Gal(b1-3/4)GlcNAc(b1-2/4)[Neu5Ac(a2-3)Gal(b1-3/4)GlcNAc(b1-2/4)]Man(a1-3)[Neu5Ac(a2-3)Gal(b1-3/4)GlcNAc(b1-2)Man(a1-6)][GlcNAc(b1-4)]Man(b1-4)GlcNAc(b1-4)[Fuc(a1-6)]GlcNAc,0,17,0,0
Neu5Ac(a2-6)Gal(b1-3/4)[Fuc(a1-3/4)]GlcNAc(b1-2/4)[Fuc(a1-3/4)[Gal(b1-3/4)]GlcNAc(b1-2/4)]Man(a1-3)[Fuc(a1-3/4)[Gal(b1-3/4)]GlcNAc(b1-2/6)[Gal(b1-3/4)GlcNAc(b1-2/6)]Man(a1-6)]Man(b1-4)GlcNAc(b1-4)[Fuc(a1-6)]GlcNAc,28,0,0,0
Fuc(a1-3/4)[Gal(b1-3/4)]GlcNAc(b1-2/4)[Fuc(a1-3/4)[Gal(b1-3/4)]GlcNAc(b1-2/4)]Man(a1-3)[Fuc(a1-3/4)[Gal(b1-3/4)]GlcNAc(b1-2/6)[Fuc(a1-3/4)[Gal(b1-3/4)]GlcNAc(b1-2/6)]Man(a1-6)]Man(b1-4)GlcNAc(b1-4)[Fuc(a1-6)]GlcNAc,27,17,0,0
Neu5Ac(a2-3)Gal(b1-3/4)[Fuc(a1-3/4)]GlcNAc(b1-2/4)[Neu5Ac(a2-6)Gal(b1-3/4)[Fuc(a1-3/4)]GlcNAc(b1-2/4)]Man(a1-3)[Neu5Ac(a2-6)Gal(b1-3/4)GlcNAc(b1-2)Man(a1-6)]Man(b1-4)GlcNAc(b1-4)[Fuc(a1-6)]GlcNAc,23,33,0,18
Neu5Ac(a2-3)Gal(b1-3/4)GlcNAc(b1-2/4)[Neu5Ac(a2-3)Gal(b1-3/4)GlcNAc(b1-2/4)]Man(a1-3)[Neu5Ac(a2-3)Gal(b1-3/4)GlcNAc(b1-2/6)[Neu5Ac(a2-6)Gal(b1-3/4)GlcNAc(b1-2/6)]Man(a1-6)]Man(b1-4)GlcNAc(b1-4)[Fuc(a1-6)]GlcNAc,17,23,0,48
Neu5Ac(a2-3)Gal(b1-3/4)GlcNAc(b1-2/4)[Neu5Ac(a2-3)Gal(b1-3/4)GlcNAc(b1-2/4)]Man(a1-3)[Neu5Ac(a2-3)Gal(b1-3/4)GlcNAc(b1-2/6)[Neu5Ac(a2-3)Gal(b1-3/4)GlcNAc(b1-2/6)]Man(a1-6)]Man(b1-4)GlcNAc(b1-4)[Fuc(a1-6)]GlcNAc,0,16,0,13
