glycan,BM0,BM37,BM41,R7B1,R7B3,R7B6,R7B11
GlcNAc(b1-4)[Fuc(a1-6)]GlcNAc,0.146299529,0.120281077,0.617683393,0.157323798,0.12759281,0.13437234,0.268028613
{Man(a1-?)}{Man(a1-?)}Man(a1-?)Man(a1-?)[Man(a1-?)]Man(b1-4)GlcNAc(b1-4)GlcNAc,0.115809087,0.086895182,0,2.040760045,0.177239228,0.209071725,0.107517804
Man(a1-2)Man(a1-3)[Man(a1-3)[Man(a1-6)]Man(a1-6)]Man(b1-4)GlcNAc(b1-4)GlcNAc,2.642391744,2.274948866,1.462247067,1.891517709,3.250422188,2.712680254,3.629346127
{Man(a1-?)}{Man(a1-?)}Man(a1-?)Man(a1-?)[Man(a1-?)]Man(b1-4)GlcNAc(b1-4)GlcNAc,0.197483608,0,0,0.330314782,0.370889511,0.244630063,0.172172146
GlcNAc(b1-2)Man(a1-6)[Man(a1-3)][GlcNAc(b1-4)]Man(b1-4)GlcNAc(b1-4)[Fuc(a1-6)]GlcNAc,1.332927032,5.02245833,2.733453352,3.553093845,3.429468826,1.762096257,2.238924361
GlcNAc(b1-2)Man(a1-3)[GlcNAc(b1-4)][Man(a1-6)]Man(b1-4)GlcNAc(b1-4)[Fuc(a1-6)]GlcNAc,0,0.212774284,0,0.332973165,0.242089292,0.206984462,0
Man(a1-6)Man(b1-4)GlcNAc(b1-4)GlcNAc,1.052039093,0.452813994,1.406737018,1.928647476,2.013034545,1.729560427,1.084451756
{Man(a1-2)}Man(a1-2)Man(a1-3)[Man(a1-3)[Man(a1-6)]Man(a1-6)]Man(b1-4)GlcNAc(b1-4)GlcNAc,0.151905887,0.152071043,0.105144422,0.236808494,0.300925906,0.272728516,0.239348286
Man(a1-2)Man(a1-6)[Man(a1-3)]Man(a1-6)[Man(a1-2)Man(a1-3)]Man(b1-4)GlcNAc(b1-4)GlcNAc,5.360861664,4.84000967,2.511815875,8.052791066,7.450671556,5.791812531,7.320803708
Neu5Ac(a2-6)Gal(b1-4)GlcNAc(b1-2)Man(a1-3)[Man(a1-6)]Man(b1-4)GlcNAc(b1-4)GlcNAc,0.858894847,0.679773099,0.759277249,0.406762139,0.497831066,0.48289524,0.562233374
Neu5Ac(a2-?)Gal(b1-4)GlcNAc(b1-2)Man(a1-?)[Man(a1-?)]Man(b1-4)GlcNAc(b1-4)GlcNAc,0,0.280613856,0,0,0.166689446,0.118998053,0
Gal(b1-4)GlcNAc(b1-2)Man(a1-3)[Man(a1-3)[Man(a1-6)]Man(a1-6)]Man(b1-4)GlcNAc(b1-4)GlcNAc,0.518042712,0.455602702,0.502213707,0.356799653,0.321133893,0.293255512,0.190380684
{HexNAc(b1-?)}GlcNAc(b1-2)Man(a1-3)[GlcNAc(b1-2)Man(a1-6)]Man(b1-4)GlcNAc(b1-4)[Fuc(a1-6)]GlcNAc,0.133141323,0.960145325,1.236477526,0.41874695,0.332582855,0.215198185,0.389970755
{HexNAc(b1-?)}GlcNAc(b1-2)Man(a1-3)[GlcNAc(b1-2)Man(a1-6)]Man(b1-4)GlcNAc(b1-4)[Fuc(a1-6)]GlcNAc,0,0,0,0.314957294,0.192546937,0.153795829,0.100070524
Neu5Ac(a2-6)Gal(b1-4)GlcNAc(b1-2)Man(a1-3)[Man(a1-6)]Man(b1-4)GlcNAc(b1-4)[Fuc(a1-6)]GlcNAc,3.605455339,4.602992256,7.56225365,2.023923775,2.299425643,2.791547348,3.495421272
Neu5Ac(a2-6)Gal(b1-4)GlcNAc(b1-2)Man(a1-6)[Man(a1-3)]Man(b1-4)GlcNAc(b1-4)[Fuc(a1-6)]GlcNAc,0.218887904,0.326413111,1.157441439,0.219105656,0.267016675,0.528675759,0.31240144
Neu5Ac(a2-3)Gal(b1-4)GlcNAc(b1-2)Man(a1-3)[Man(a1-6)]Man(b1-4)GlcNAc(b1-4)[Fuc(a1-6)]GlcNAc,0.176617577,0.214474505,0.25463047,0,0,0,0
Neu5Ac(a2-3)Gal(b1-4)GlcNAc(b1-2)Man(a1-6)[Man(a1-3)]Man(b1-4)GlcNAc(b1-4)[Fuc(a1-6)]GlcNAc,0.162334011,0.272221549,0,0.059886658,0,0,0
{Man(a1-2)}Man(a1-2)Man(a1-?)[Man(a1-?)]Man(a1-6)[Man(a1-2)Man(a1-3)]Man(b1-4)GlcNAc(b1-4)GlcNAc,0.262700752,0.159151402,0.075254773,0.384659857,0.350401564,0.382253205,0.302127794
Man(a1-2)Man(a1-2)Man(a1-3)[Man(a1-2)Man(a1-6)[Man(a1-3)]Man(a1-6)]Man(b1-4)GlcNAc(b1-4)GlcNAc,10.63220265,6.527091693,3.700192425,11.74652407,10.83093602,7.496630393,10.97800006
Neu5Ac(a2-6)Gal(b1-4)GlcNAc(b1-2)Man(a1-3)[Man(a1-?)Man(a1-6)]Man(b1-4)GlcNAc(b1-4)GlcNAc,0.958290346,0.606362315,0.324911886,0.858470092,0.883081868,0.790539536,0.918265015
Neu5Ac(a2-?)Gal(b1-4)GlcNAc(b1-2)Man(a1-3)[Man(a1-?)Man(a1-6)]Man(b1-4)GlcNAc(b1-4)GlcNAc,0.080850084,0.085694727,0.148328297,0,0,0,0
Neu5Ac(a2-?)Gal(b1-4)GlcNAc(b1-2)Man(a1-3)[Man(a1-?)Man(a1-6)]Man(b1-4)GlcNAc(b1-4)GlcNAc,0,0.13771361,0.112225161,0,0,0,0
Gal(b1-4)GlcNAc(b1-2)Man(a1-3)[Gal(b1-4)GlcNAc(b1-2)Man(a1-6)]Man(b1-4)GlcNAc(b1-4)[Fuc(a1-6)]GlcNAc,0.351754171,0.430100689,0.525510305,0.299333151,0.251907714,0.383227078,0.349210695
Man(a1-?)Man(b1-4)GlcNAc(b1-4)[Fuc(a1-6)]GlcNAc,3.920359732,5.350502137,16.11159476,3.990721144,3.980215823,3.995352633,6.292436657
Man(a1-?)Man(b1-4)GlcNAc(b1-4)[Fuc(a1-6)]GlcNAc,0,0.178571674,0,0.198107043,0.221734035,0,0
{Man(a1-?)}Man(a1-?)Man(b1-4)GlcNAc(b1-4)GlcNAc,0.199892746,0.127745932,0.207106551,0.612793246,0.573255463,0.363706959,0.409856164
{Man(a1-?)}Man(a1-?)Man(b1-4)GlcNAc(b1-4)GlcNAc,0.150058624,0.117036922,0.16642882,0.279704889,0.274617456,0.275501702,0.255046918
Man(a1-3)[Man(a1-6)]Man(b1-4)GlcNAc(b1-4)GlcNAc,0.821009547,0.67634161,1.033989195,0.951695841,0.980110149,0.593481204,0.787373907
{GlcNAc(b1-?)}GlcNAc(b1-2)[GlcNAc(b1-?)]Man(a1-?)[GlcNAc(b1-2)Man(a1-?)]Man(b1-4)GlcNAc(b1-4)[Fuc(a1-6)]GlcNAc,0,0,0.483772741,0.349413294,0.362846093,0.048435495,0
Neu5Ac(a2-6)Gal(b1-4)GlcNAc(b1-2)Man(a1-3)[Man(a1-?)Man(a1-6)]Man(b1-4)GlcNAc(b1-4)[Fuc(a1-6)]GlcNAc,0.47653189,1.253487587,0.791403053,0.676929638,0.39598289,0.772183024,0.777314156
Neu5Ac(a2-3)Gal(b1-4)GlcNAc(b1-2)Man(a1-3)[Man(a1-?)Man(a1-6)]Man(b1-4)GlcNAc(b1-4)[Fuc(a1-6)]GlcNAc,0,0,0.519328995,0,0,0,0
Man(a1-2)Man(a1-2)Man(a1-3)[Man(a1-2)Man(a1-3)[Man(a1-2)Man(a1-6)]Man(a1-6)]Man(b1-4)GlcNAc(b1-4)GlcNAc,0.161762128,0.186053136,0.190971521,0.326912708,0.323886638,0.327801974,0.234389991
Man(a1-2)Man(a1-2)Man(a1-3)[Man(a1-2)Man(a1-3)[Man(a1-2)Man(a1-6)]Man(a1-6)]Man(b1-4)GlcNAc(b1-4)GlcNAc,10.94581881,6.744190042,6.093927305,12.28674412,12.20556421,8.049223977,10.27781028
Neu5Ac(a2-6)Gal(b1-4)GlcNAc(b1-2)Man(a1-3)[Man(a1-3)[Man(a1-6)]Man(a1-6)]Man(b1-4)GlcNAc(b1-4)GlcNAc,1.605814966,1.840477886,0.776339709,1.893131207,1.6599272,2.004882899,1.82365314
Neu5Ac(a2-3)Gal(b1-4)GlcNAc(b1-2)Man(a1-3)[Man(a1-3)[Man(a1-6)]Man(a1-6)]Man(b1-4)GlcNAc(b1-4)GlcNAc,0,0,0.20952224,0,0,0,0
Neu5Ac(a2-?)Gal(b1-4)GlcNAc(b1-2)Man(a1-?)[GlcNAc(b1-2)Man(a1-?)]Man(b1-4)GlcNAc(b1-4)[Fuc(a1-6)]GlcNAc,0,0,0,0,0.109488227,0,0
Neu5Ac(a2-6)Gal(b1-4)GlcNAc(b1-2)Man(a1-3)[GlcNAc(b1-2)Man(a1-6)]Man(b1-4)GlcNAc(b1-4)[Fuc(a1-6)]GlcNAc,0.562880541,0.704947648,1.973298767,0.379097281,0.457547135,0.549500448,0.48321445
Neu5Ac(a2-6)Gal(b1-4)GlcNAc(b1-2)Man(a1-3)[Gal(b1-4)GlcNAc(b1-2)Man(a1-6)]Man(b1-4)GlcNAc(b1-4)GlcNAc,3.87951132,3.313274174,2.647137426,1.960942732,2.580704714,2.435810646,1.984534851
Neu5Ac(a2-?)Gal(b1-4)GlcNAc(b1-2)Man(a1-?)[Gal(b1-4)GlcNAc(b1-2)Man(a1-?)]Man(b1-4)GlcNAc(b1-4)GlcNAc,0.258810588,0.249611419,0.479650605,0.163267306,0.183590799,0.188883002,0
Neu5Ac(a2-?)Gal(b1-4)GlcNAc(b1-2)Man(a1-3)[Man(a1-3)[Man(a1-6)]Man(a1-6)]Man(b1-4)GlcNAc(b1-4)[Fuc(a1-6)]GlcNAc,0.363454329,0.638800264,0.570611803,0.383650751,0.338146367,0.428055424,0.439933386
Glc(a1-3)Man(a1-2)Man(a1-2)Man(a1-3)[Man(a1-2)Man(a1-3)[Man(a1-2)Man(a1-6)]Man(a1-6)]Man(b1-4)GlcNAc(b1-4)GlcNAc,0.648993842,0.399600433,0.582539154,0.467435769,0.430224878,0.451558635,0.67112592
Neu5Ac(a2-6)Gal(b1-4)GlcNAc(b1-2)Man(a1-3)[Man(a1-2)Man(a1-6)[Man(a1-3)]Man(a1-6)]Man(b1-4)GlcNAc(b1-4)GlcNAc,0.175497172,0.254009287,0,0.320549753,0.324640868,0.310947264,0.363645641
{Fuc(a1-3)}Neu5Ac(a2-?)Gal(b1-4)GlcNAc(b1-2)Man(a1-?)[Gal(b1-4)GlcNAc(b1-2)Man(a1-?)]Man(b1-4)GlcNAc(b1-4)GlcNAc,0.280579569,0.287921162,0.834753877,0,0,0.080846467,0
Neu5Ac(a2-6)Gal(b1-4)GlcNAc(b1-2)Man(a1-6)[Gal(b1-4)GlcNAc(b1-2)Man(a1-3)]Man(b1-4)GlcNAc(b1-4)[Fuc(a1-6)]GlcNAc,0.186421944,0.290029043,0.248201518,0,0.113249327,0.168672341,0
Neu5Ac(a2-6)Gal(b1-4)GlcNAc(b1-2)Man(a1-3)[Gal(b1-4)GlcNAc(b1-2)Man(a1-6)]Man(b1-4)GlcNAc(b1-4)[Fuc(a1-6)]GlcNAc,9.656770703,9.772816816,5.184938142,3.874895111,4.979667151,5.245501066,4.37773388
Neu5Ac(a2-3)Gal(b1-4)GlcNAc(b1-2)Man(a1-6)[Gal(b1-4)GlcNAc(b1-2)Man(a1-3)]Man(b1-4)GlcNAc(b1-4)[Fuc(a1-6)]GlcNAc,0,0.205004477,0,0.23629704,0.244765299,0.373712918,0
Neu5Ac(a2-3)Gal(b1-4)GlcNAc(b1-2)Man(a1-3)[Gal(b1-4)GlcNAc(b1-2)Man(a1-6)]Man(b1-4)GlcNAc(b1-4)[Fuc(a1-6)]GlcNAc,0.411446347,0.439284877,0.486032915,0.190126437,0.274892647,0.260305787,0.112480266
Man(a1-3)[Man(a1-6)]Man(b1-4)GlcNAc(b1-4)[Fuc(a1-6)]GlcNAc,3.418415279,5.06156889,3.505688606,4.265951839,3.803455679,4.144217257,3.784683411
Man(a1-2)Man(a1-3)[Man(a1-6)]Man(b1-4)GlcNAc(b1-4)GlcNAc,0.26288679,0.254334101,3.281689343,0.700657102,0.651822908,0.710179078,0.685792571
Man(a1-?)Man(a1-6)[Man(a1-3)]Man(b1-4)GlcNAc(b1-4)GlcNAc,0.481068165,0.287003745,0.400911034,0.86060513,0.986426092,0.721273928,0.522097204
Gal(b1-4)GlcNAc(b1-2)[Gal(b1-4)GlcNAc(b1-?)]Man(a1-?)[Gal(b1-4)GlcNAc(b1-2)Man(a1-?)]Man(b1-4)GlcNAc(b1-4)[Fuc(a1-6)]GlcNAc,0.134269004,0.195234913,0.211894613,0.21326814,0.139480667,0.087702092,0
Neu5Ac(a2-6)Gal(b1-4)GlcNAc(b1-2)Man(a1-3)[Neu5Ac(a2-6)Gal(b1-4)GlcNAc(b1-2)Man(a1-6)]Man(b1-4)GlcNAc(b1-4)GlcNAc,3.354892419,2.779942404,2.56692208,2.01726255,2.297487282,2.475471701,1.924411589
Neu5Ac(a2-3)Gal(b1-4)GlcNAc(b1-2)Man(a1-?)[Neu5Ac(a2-6)Gal(b1-4)GlcNAc(b1-2)Man(a1-?)]Man(b1-4)GlcNAc(b1-4)GlcNAc,2.79820603,2.036670146,3.86963976,0.449956335,0.752607114,0.586980428,0.85650953
Neu5Ac(a2-3)Gal(b1-4)GlcNAc(b1-2)Man(a1-3)[Neu5Ac(a2-3)Gal(b1-4)GlcNAc(b1-2)Man(a1-6)]Man(b1-4)GlcNAc(b1-4)GlcNAc,0.175242745,0.225910733,0.281385631,0.095829648,0.104521722,0.147696759,0.105729053
Neu5Ac(a2-6)Gal(b1-4)GlcNAc(b1-2)Man(a1-3)[Fuc(a1-3)[Gal(b1-4)]GlcNAc(b1-2)Man(a1-6)]Man(b1-4)GlcNAc(b1-4)[Fuc(a1-6)]GlcNAc,1.705572821,1.601805373,2.223634105,0.269755039,0.310217878,0.728727615,0.667225237
Neu5Ac(a2-6)Gal(b1-4)GlcNAc(b1-2)Man(a1-3)[Gal(b1-4)GlcNAc(b1-2)Man(a1-6)][GlcNAc(b1-4)]Man(b1-4)GlcNAc(b1-4)[Fuc(a1-6)]GlcNAc,0,1.249732523,0.226802983,0.539933741,0.261971886,0.252200345,0.944183359
{Neu5Ac(a2-6)}Gal(b1-4)GlcNAc(b1-2)[Gal(b1-4)GlcNAc(b1-?)]Man(a1-?)[Gal(b1-4)GlcNAc(b1-2)Man(a1-?)]Man(b1-4)GlcNAc(b1-4)GlcNAc,0.594394226,0.520391203,0.218207747,0.419028618,0.35976018,0.979595082,0.918897684
{Neu5Ac(a2-6)}Gal(b1-4)GlcNAc(b1-2)[Gal(b1-4)GlcNAc(b1-?)]Man(a1-?)[Gal(b1-4)GlcNAc(b1-2)Man(a1-?)]Man(b1-4)GlcNAc(b1-4)GlcNAc,0.192939865,0.357222355,0.195708447,1.203777242,0.663908294,0.836061122,0.183814409
{Neu5Ac(a2-3)}Gal(b1-4)GlcNAc(b1-2)[Gal(b1-4)GlcNAc(b1-?)]Man(a1-?)[Gal(b1-4)GlcNAc(b1-2)Man(a1-?)]Man(b1-4)GlcNAc(b1-4)GlcNAc,0.298940958,0.144876869,0.09043081,0,0,0,0.065496926
Neu5Ac(a2-6)Gal(b1-4)[Fuc(a1-3)]GlcNAc(b1-2)Man(a1-?)[Neu5Ac(a2-6)Gal(b1-4)GlcNAc(b1-2)Man(a1-?)]Man(b1-4)GlcNAc(b1-4)GlcNAc,0.094773039,0.164783735,0,0.143718942,0.163300539,0.198783217,0
Neu5Ac(a2-6)Gal(b1-4)GlcNAc(b1-2)Man(a1-3)[Neu5Ac(a2-6)Gal(b1-4)GlcNAc(b1-2)Man(a1-6)]Man(b1-4)GlcNAc(b1-4)[Fuc(a1-6)]GlcNAc,4.662020649,4.103429416,1.783901051,3.748387178,5.832051997,7.356334493,7.585311773
{Fuc(a1-?)}Neu5Ac(a2-3)Gal(b1-4)GlcNAc(b1-2)Man(a1-?)[Neu5Ac(a2-6)Gal(b1-4)GlcNAc(b1-2)Man(a1-?)]Man(b1-4)GlcNAc(b1-4)GlcNAc,0,0.238290726,0.177092683,0.287556451,0.34555268,0.805547391,0.77501196
Neu5Ac(a2-3)Gal(b1-4)GlcNAc(b1-2)Man(a1-?)[Neu5Ac(a2-6)Gal(b1-4)GlcNAc(b1-2)Man(a1-?)]Man(b1-4)GlcNAc(b1-4)[Fuc(a1-6)]GlcNAc,2.13339424,2.61468675,2.630681074,1.083752091,1.590893036,1.920324425,0.761974272
Neu5Ac(a2-3)Gal(b1-4)GlcNAc(b1-2)Man(a1-3)[Neu5Ac(a2-3)Gal(b1-4)GlcNAc(b1-2)Man(a1-6)]Man(b1-4)GlcNAc(b1-4)[Fuc(a1-6)]GlcNAc,0.271629088,0.213957388,0.499967247,0.095236828,0.16717635,0.277322286,0.09767816
Neu5Ac(a2-?)Gal(b1-4)GlcNAc(b1-2)[Neu5Ac(a2-?)Gal(b1-4)GlcNAc(b1-4)]Man(a1-3)[Man(a1-?)Man(a1-6)]Man(b1-4)GlcNAc(b1-4)GlcNAc,0.328904533,0.251397745,0,0.312279433,0.332780524,0.777317943,0.571035333
Neu5Ac(a2-?)Gal(b1-4)GlcNAc(b1-2)[Neu5Ac(a2-?)Gal(b1-4)GlcNAc(b1-4)]Man(a1-3)[Man(a1-?)Man(a1-6)]Man(b1-4)GlcNAc(b1-4)GlcNAc,0.142834985,0.172376351,0,0.097894439,0,0,0
{Fuc(a1-3)}{Neu5Ac(a2-6)}Gal(b1-4)GlcNAc(b1-2)[Gal(b1-4)GlcNAc(b1-?)]Man(a1-?)[Gal(b1-4)GlcNAc(b1-2)Man(a1-?)]Man(b1-4)GlcNAc(b1-4)GlcNAc,0,0.199841106,0,0.179552588,0,0,0.244438845
{Neu5Ac(a2-6)}Gal(b1-4)GlcNAc(b1-2)[Gal(b1-4)GlcNAc(b1-?)]Man(a1-?)[Gal(b1-4)GlcNAc(b1-2)Man(a1-?)]Man(b1-4)GlcNAc(b1-4)[Fuc(a1-6)]GlcNAc,1.668706153,1.464888896,0.686186757,1.301408137,1.053423986,4.928280352,3.614398047
{Neu5Ac(a2-6)}Gal(b1-4)GlcNAc(b1-2)[Gal(b1-4)GlcNAc(b1-?)]Man(a1-?)[Gal(b1-4)GlcNAc(b1-2)Man(a1-?)]Man(b1-4)GlcNAc(b1-4)[Fuc(a1-6)]GlcNAc,0.660547491,0.793659136,0.266572552,1.241649074,0.731742783,1.236798367,0.494823917
{Neu5Ac(a2-3)}Gal(b1-4)GlcNAc(b1-2)[Gal(b1-4)GlcNAc(b1-?)]Man(a1-?)[Gal(b1-4)GlcNAc(b1-2)Man(a1-?)]Man(b1-4)GlcNAc(b1-4)[Fuc(a1-6)]GlcNAc,0.781496796,0.629585482,0.174890837,0.134445563,0.174039866,0.495363098,0.167083964
Man(a1-2)Man(a1-3)[Man(a1-?)Man(a1-6)]Man(b1-4)GlcNAc(b1-4)GlcNAc,0.346698058,0.188930581,1.713517231,0.344165488,0.430615465,0.394153945,0.362473619
Man(a1-3)[Man(a1-6)]Man(a1-6)[Man(a1-3)]Man(b1-4)GlcNAc(b1-4)GlcNAc,5.270693072,3.440362617,2.810411656,5.473117446,6.560188101,4.910126842,5.249759067
GlcNAc(b1-2)Man(a1-3)[Man(a1-6)]Man(b1-4)GlcNAc(b1-4)[Fuc(a1-6)]GlcNAc,0.461039479,3.17950813,1.34171401,2.680287551,3.289135121,2.696601799,2.997585404
{GlcNAc(b1-?)}Man(a1-3)[Man(a1-6)]Man(b1-4)GlcNAc(b1-4)[Fuc(a1-6)]GlcNAc,0,0,0.526626927,0,0,0,0
GlcNAc(b1-2)Man(a1-6)[Man(a1-3)]Man(b1-4)GlcNAc(b1-4)[Fuc(a1-6)]GlcNAc,0.335451866,0.517826582,0.711912006,0.336014435,0.283149009,0.349930388,0.393932281
{GlcNAc(b1-?)}Neu5Ac(a2-?)Gal(b1-4)GlcNAc(b1-2)Man(a1-3)[Neu5Ac(a2-?)Gal(b1-4)GlcNAc(b1-2)Man(a1-6)]Man(b1-4)GlcNAc(b1-4)[Fuc(a1-6)]GlcNAc,0.083492503,0.629230211,0.092973404,0.78093045,0.395326249,0.544355864,1.709984341
{GlcNAc(b1-?)}Neu5Ac(a2-?)Gal(b1-4)GlcNAc(b1-2)Man(a1-3)[Neu5Ac(a2-?)Gal(b1-4)GlcNAc(b1-2)Man(a1-6)]Man(b1-4)GlcNAc(b1-4)[Fuc(a1-6)]GlcNAc,0,0.173763612,0.08627318,0,0,0,0
{Neu5Ac(a2-?)}Neu5Ac(a2-?)Gal(b1-4)GlcNAc(b1-?)[Gal(b1-4)GlcNAc(b1-?)]Man(a1-?)[Gal(b1-4)GlcNAc(b1-2)Man(a1-?)]Man(b1-4)GlcNAc(b1-4)GlcNAc,0.297088129,0.370026793,0.144566033,0.698731692,0.399792302,0.433493884,0
{Neu5Ac(a2-?)}Neu5Ac(a2-?)Gal(b1-4)GlcNAc(b1-?)[Gal(b1-4)GlcNAc(b1-?)]Man(a1-?)[Gal(b1-4)GlcNAc(b1-2)Man(a1-?)]Man(b1-4)GlcNAc(b1-4)GlcNAc,0.628226612,0.489874521,0.56963804,0.247901488,0.265897738,0.472924499,0
{Neu5Ac(a2-?)}Neu5Ac(a2-?)Gal(b1-4)GlcNAc(b1-?)[Gal(b1-4)GlcNAc(b1-?)]Man(a1-?)[Gal(b1-4)GlcNAc(b1-2)Man(a1-?)]Man(b1-4)GlcNAc(b1-4)GlcNAc,0.426937391,0.247653847,0.402441639,0.1138064,0.093211873,0.127184995,0
{Neu5Ac(a2-?)}Neu5Ac(a2-?)Gal(b1-4)GlcNAc(b1-?)[Gal(b1-4)GlcNAc(b1-?)]Man(a1-?)[Gal(b1-4)GlcNAc(b1-2)Man(a1-?)]Man(b1-4)GlcNAc(b1-4)GlcNAc,0.209885256,0.139257728,0.185059492,0.020254058,0.069696477,0,0
{Fuc(a1-?)}{GlcNAc(b1-?)}{Neu5Ac(a2-?)}Neu5Ac(a2-?)Gal(b1-4)GlcNAc(b1-?)[Gal(b1-4)GlcNAc(b1-?)]Man(a1-?)[Gal(b1-4)GlcNAc(b1-2)Man(a1-?)]Man(b1-4)GlcNAc(b1-4)GlcNAc,0,0,0,0.196010419,0,0,0
Neu5Ac(a2-?)Gal(b1-4)GlcNAc(b1-?)[Gal(b1-4)GlcNAc(b1-?)]Man(a1-?)[Gal(b1-4)GlcNAc(b1-2)[Gal(b1-4)GlcNAc(b1-?)]Man(a1-?)]Man(b1-4)GlcNAc(b1-4)GlcNAc,0.147452013,0,0,0.424826822,0.200758948,0.461584172,0.051467284
{Fuc(a1-?)}{Neu5Ac(a2-?)}Neu5Ac(a2-?)Gal(b1-4)GlcNAc(b1-?)[Gal(b1-4)GlcNAc(b1-?)]Man(a1-?)[Gal(b1-4)GlcNAc(b1-2)Man(a1-?)]Man(b1-4)GlcNAc(b1-4)GlcNAc,0.06704947,0.122437284,0,0.136133709,0.115554441,0.605723366,0.657423053
{Fuc(a1-?)}{Neu5Ac(a2-?)}Neu5Ac(a2-?)Gal(b1-4)GlcNAc(b1-?)[Gal(b1-4)GlcNAc(b1-?)]Man(a1-?)[Gal(b1-4)GlcNAc(b1-2)Man(a1-?)]Man(b1-4)GlcNAc(b1-4)GlcNAc,0.198887555,0.3763689,0,1.311885883,0.69414226,1.625139267,0.532025774
{Fuc(a1-?)}{Neu5Ac(a2-?)}Neu5Ac(a2-?)Gal(b1-4)GlcNAc(b1-?)[Gal(b1-4)GlcNAc(b1-?)]Man(a1-?)[Gal(b1-4)GlcNAc(b1-2)Man(a1-?)]Man(b1-4)GlcNAc(b1-4)GlcNAc,0.524716726,0.330584873,0.242237504,0.666924535,0.553672865,0.864475867,0.34938814
{Fuc(a1-?)}{Neu5Ac(a2-?)}Neu5Ac(a2-?)Gal(b1-4)GlcNAc(b1-?)[Gal(b1-4)GlcNAc(b1-?)]Man(a1-?)[Gal(b1-4)GlcNAc(b1-2)Man(a1-?)]Man(b1-4)GlcNAc(b1-4)GlcNAc,0.189853704,0.080734672,0,0.089418282,0.153335847,0.128443037,0.062605956
{Fuc(a1-?)}{Neu5Ac(a2-?)}Neu5Ac(a2-?)Gal(b1-4)GlcNAc(b1-?)[Gal(b1-4)GlcNAc(b1-?)]Man(a1-?)[Gal(b1-4)GlcNAc(b1-2)Man(a1-?)]Man(b1-4)GlcNAc(b1-4)GlcNAc,0.048006602,0,0,0,0,0,0
Neu5Ac(a2-?)Gal(b1-4)GlcNAc(b1-?)[Gal(b1-4)GlcNAc(b1-?)]Man(a1-?)[Gal(b1-4)GlcNAc(b1-2)[Gal(b1-4)GlcNAc(b1-?)]Man(a1-?)]Man(b1-4)GlcNAc(b1-4)[Fuc(a1-6)]GlcNAc,0.11269224,0.301137136,0.180175712,0.949436687,0.459120862,1.958865484,0.403276915
Neu5Ac(a2-?)Gal(b1-4)GlcNAc(b1-?)[Gal(b1-4)GlcNAc(b1-?)]Man(a1-?)[Gal(b1-4)GlcNAc(b1-2)[Gal(b1-4)GlcNAc(b1-?)]Man(a1-?)]Man(b1-4)GlcNAc(b1-4)[Fuc(a1-6)]GlcNAc,0.134060467,0.072701973,0,0,0,0,0
Neu5Ac(a2-?)Gal(b1-4)GlcNAc(b1-?)[Gal(b1-4)GlcNAc(b1-?)]Man(a1-?)[Gal(b1-4)GlcNAc(b1-2)[Gal(b1-4)GlcNAc(b1-?)]Man(a1-?)]Man(b1-4)GlcNAc(b1-4)[Fuc(a1-6)]GlcNAc,0.085722207,0.069255566,0,0,0,0,0
Neu5Ac(a2-?)Gal(b1-4)GlcNAc(b1-2)[Neu5Ac(a2-?)Gal(b1-4)GlcNAc(b1-?)]Man(a1-?)[Neu5Ac(a2-?)Gal(b1-4)GlcNAc(b1-2)Man(a1-?)]Man(b1-4)GlcNAc(b1-4)GlcNAc,0.854292833,0.613781147,1.002499077,0.188244753,0.16999218,0.194005467,0.190637634
Neu5Ac(a2-?)Gal(b1-4)GlcNAc(b1-2)[Neu5Ac(a2-?)Gal(b1-4)GlcNAc(b1-?)]Man(a1-?)[Neu5Ac(a2-?)Gal(b1-4)GlcNAc(b1-2)Man(a1-?)]Man(b1-4)GlcNAc(b1-4)GlcNAc,1.560348163,0.963632909,1.789358982,0.135030709,0.277603669,0.380655028,0.119619258
{Fuc(a1-?)}{Neu5Ac(a2-?)}Neu5Ac(a2-?)Gal(b1-4)GlcNAc(b1-?)[Gal(b1-4)GlcNAc(b1-?)]Man(a1-?)[Gal(b1-4)GlcNAc(b1-2)[Gal(b1-4)GlcNAc(b1-?)]Man(a1-?)]Man(b1-4)GlcNAc(b1-4)GlcNAc,0.029754765,0,0,0.173895789,0,0.334608653,0
{Fuc(a1-?)}{Neu5Ac(a2-?)}Neu5Ac(a2-?)Gal(b1-4)GlcNAc(b1-?)[Gal(b1-4)GlcNAc(b1-?)]Man(a1-?)[Gal(b1-4)GlcNAc(b1-2)[Gal(b1-4)GlcNAc(b1-?)]Man(a1-?)]Man(b1-4)GlcNAc(b1-4)GlcNAc,0.033842225,0.083118536,0,0.135521729,0.095240221,0.22623389,0
{Fuc(a1-?)}{Neu5Ac(a2-?)}Neu5Ac(a2-?)Gal(b1-4)GlcNAc(b1-?)[Gal(b1-4)GlcNAc(b1-?)]Man(a1-?)[Gal(b1-4)GlcNAc(b1-2)[Gal(b1-4)GlcNAc(b1-?)]Man(a1-?)]Man(b1-4)GlcNAc(b1-4)GlcNAc,0,0.047643164,0,0.079740574,0,0,0
{Neu5Ac(a2-?)}Neu5Ac(a2-?)Gal(b1-4)GlcNAc(b1-2)[Neu5Ac(a2-?)Gal(b1-4)GlcNAc(b1-?)]Man(a1-?)[Neu5Ac(a2-?)Gal(b1-4)GlcNAc(b1-2)Man(a1-?)]Man(b1-4)GlcNAc(b1-4)GlcNAc,0.128169231,0.070269424,0.121040639,0,0,0,0
